Workbook

Sheet Turbopumps
A1: Engine | B1: Source | C1: Context | D1: Oxidizer | E1: Fuel | F1: Cycle Type | G1: Country | H1: Year of First Use | I1: Application | J1: Fuel Shaft Speed, RPM | K1: Ox Shaft Speed, RPM | L1: Impeller Geometry | M1: Ox Turbine Ratio | N1: Fuel Turbine Ratio | O1: Ox Discharge Pressure (bar) | P1: Fuel Discharge Pressure (bar) | Q1: Chamber Pressure (bar) | R1: Thrust (kN) | S1: Ox Mass Flow (kg/s) | T1: Fuel Mass Flow (kg/s) | U1: ISP | V1: Ox Density | W1: Fuel Density | X1: Ox Specific Speed | Y1: Fuel Specific Speed | Z1: Traditional Student Engines | AA1: Ox Unitless Ns | AB1: Fuel Unitless Ns
A2: Traditional Student Engines | D2: N2O | E2: RP-1 | F2: Gas Generator | J2: 20000 | K2: 20000 | O2: 20 | P2: 20 | Q2: 15 | R2: 2.1 | S2: 0.75 | T2: 0.3 | U2: =R2*1000/(S2+T2)/9.81 -> 203.8736 | V2: =VLOOKUP(D2,Fluids!$A$2:$B$10,2, FALSE) -> 800 | W2: =VLOOKUP(E2,Fluids!$C$2:$D$10,2, FALSE) -> 820 | Z2: =J2*sqrt(T2/W2)/(POW(P2*10,0.75)) -> 7.1930189 | AA2: =K2*2*PI()/60*sqrt(S2/V2)/(POW(9.81*O2*10,0.75)) -> 0.21753042 | AB2: =J2*2*PI()/60*sqrt(T2/W2)/(POW(9.81*P2*10,0.75)) -> 0.13589018
A3: F-1 | C3: Saturn V First Stage | D3: LOX | E3: RP-1 | F3: Gas Generator | G3: USA | H3: 1967 | I3: First Stage | J3: 5488 | K3: 5488 | L3: Radial | O3: 110 | P3: 128 | Q3: 70 | R3: 6770 | S3: 2000 | T3: 740 | U3: =R3*1000/(S3+T3)/9.81 -> 251.86574 | V3: =VLOOKUP(D3,Fluids!$A$2:$B$10,2, FALSE) -> 1141 | W3: =VLOOKUP(E3,Fluids!$C$2:$D$10,2, FALSE) -> 820 | X3: =K3*sqrt(S3/V3)/(POW(O3*10,0.75)) -> 38.04011 | Y3: =J3*sqrt(T3/W3)/(POW(P3*10,0.75)) -> 24.362147 | AA3: =K3*2*PI()/60*sqrt(S3/V3)/(POW(9.81*O3*10,0.75)) -> 0.71865198 | AB3: =J3*2*PI()/60*sqrt(T3/W3)/(POW(9.81*P3*10,0.75)) -> 0.46024854
A4: RS-25 / SSME | C4: Space Shuttle Main Engine | D4: LOX | E4: Hydrogen | F4: Staged Combustion | G4: USA | H4: 1981 | I4: First Stage, Second Stage | J4: 36000 | K4: 28120 | L4: Axial/Radial | O4: 296 | P4: 449 | Q4: 206 | R4: 2270 | S4: 470 | T4: 75 | U4: =R4*1000/(S4+T4)/9.81 -> 424.5808 | V4: =VLOOKUP(D4,Fluids!$A$2:$B$10,2, FALSE) -> 1141 | W4: =VLOOKUP(E4,Fluids!$C$2:$D$10,2, FALSE) -> 71 | X4: =K4*sqrt(S4/V4)/(POW(O4*10,0.75)) -> 44.973081 | Y4: =J4*sqrt(T4/W4)/(POW(P4*10,0.75)) -> 67.455785 | AA4: =K4*2*PI()/60*sqrt(S4/V4)/(POW(9.81*O4*10,0.75)) -> 0.84962934 | AB4: =J4*2*PI()/60*sqrt(T4/W4)/(POW(9.81*P4*10,0.75)) -> 1.2743715
A5: J-2 | C5: Saturn V Second/Third Stage | D5: LOX | E5: Hydrogen | F5: Gas Generator | G5: USA | H5: 1964 | I5: Second Stage | J5: 27130 | K5: 8753 | L5: Axial/Radial | O5: 74 | P5: 84 | Q5: 53 | R5: 1033 | S5: 170 | T5: 30 | U5: =R5*1000/(S5+T5)/9.81 -> 526.50357 | V5: =VLOOKUP(D5,Fluids!$A$2:$B$10,2, FALSE) -> 1141 | W5: =VLOOKUP(E5,Fluids!$C$2:$D$10,2, FALSE) -> 71 | X5: =K5*sqrt(S5/V5)/(POW(O5*10,0.75)) -> 23.813036 | Y5: =J5*sqrt(T5/W5)/(POW(P5*10,0.75)) -> 113.02429 | AA5: =K5*2*PI()/60*sqrt(S5/V5)/(POW(9.81*O5*10,0.75)) -> 0.44987477 | AB5: =J5*2*PI()/60*sqrt(T5/W5)/(POW(9.81*P5*10,0.75)) -> 2.1352496
A6: RD-107 | C6: R-7/Soyuz First Stage | D6: LOX | E6: RP-1 | F6: Gas Generator | G6: USSR (Russia) | H6: 1957 | I6: First Stage | J6: 13400 | K6: 13400 | L6: Radial | O6: 131 | P6: 131 | Q6: 60 | R6: 815 | S6: 280 | T6: 100 | U6: =R6*1000/(S6+T6)/9.81 -> 218.62761 | V6: =VLOOKUP(D6,Fluids!$A$2:$B$10,2, FALSE) -> 1141 | W6: =VLOOKUP(E6,Fluids!$C$2:$D$10,2, FALSE) -> 820 | X6: =K6*sqrt(S6/V6)/(POW(O6*10,0.75)) -> 30.485093 | Y6: =J6*sqrt(T6/W6)/(POW(P6*10,0.75)) -> 21.490395 | AA6: =K6*2*PI()/60*sqrt(S6/V6)/(POW(9.81*O6*10,0.75)) -> 0.57592295 | AB6: =J6*2*PI()/60*sqrt(T6/W6)/(POW(9.81*P6*10,0.75)) -> 0.40599554
A7: RD-180 | C7: Atlas V First Stage | D7: LOX | E7: RP-1 | F7: Staged Combustion | G7: Russia | H7: 2000 | I7: First Stage | J7: 15000 | K7: 15000 | L7: Radial | O7: 552 | P7: 345 | Q7: 257 | R7: 3830 | S7: 1100 | T7: 400 | U7: =R7*1000/(S7+T7)/9.81 -> 260.27863 | V7: =VLOOKUP(D7,Fluids!$A$2:$B$10,2, FALSE) -> 1141 | W7: =VLOOKUP(E7,Fluids!$C$2:$D$10,2, FALSE) -> 820 | X7: =K7*sqrt(S7/V7)/(POW(O7*10,0.75)) -> 22.998021 | Y7: =J7*sqrt(T7/W7)/(POW(P7*10,0.75)) -> 23.272873 | AA7: =K7*2*PI()/60*sqrt(S7/V7)/(POW(9.81*O7*10,0.75)) -> 0.43447754 | AB7: =J7*2*PI()/60*sqrt(T7/W7)/(POW(9.81*P7*10,0.75)) -> 0.43967004
A8: Merlin | C8: Falcon 9 First/Second Stage | D8: LOX | E8: RP-1 | F8: Gas Generator | G8: USA | H8: 2006 | I8: Second Stage, First Stage | J8: 18500 | K8: 18500 | L8: Radial | O8: 172 | P8: 172 | Q8: 97 | R8: 845 | S8: 300 | T8: 110 | U8: =R8*1000/(S8+T8)/9.81 -> 210.08926 | V8: =VLOOKUP(D8,Fluids!$A$2:$B$10,2, FALSE) -> 1141 | W8: =VLOOKUP(E8,Fluids!$C$2:$D$10,2, FALSE) -> 820 | X8: =K8*sqrt(S8/V8)/(POW(O8*10,0.75)) -> 35.517566 | Y8: =J8*sqrt(T8/W8)/(POW(P8*10,0.75)) -> 25.36967 | AA8: =K8*2*PI()/60*sqrt(S8/V8)/(POW(9.81*O8*10,0.75)) -> 0.6709962 | AB8: =J8*2*PI()/60*sqrt(T8/W8)/(POW(9.81*P8*10,0.75)) -> 0.47928261
A9: Raptor | C9: Starship | D9: LOX | E9: Methane | F9: Full-Flow Staged Combustion | G9: USA | H9: 2020 | I9: First Stage, Second Stage | J9: 25000 | K9: 25000 | L9: Radial | O9: 586 | P9: 690 | Q9: 350 | R9: 2300 | S9: 480 | T9: 140 | U9: =R9*1000/(S9+T9)/9.81 -> 378.15264 | V9: =VLOOKUP(D9,Fluids!$A$2:$B$10,2, FALSE) -> 1141 | W9: =VLOOKUP(E9,Fluids!$C$2:$D$10,2, FALSE) -> 422 | X9: =K9*sqrt(S9/V9)/(POW(O9*10,0.75)) -> 24.209989 | Y9: =J9*sqrt(T9/W9)/(POW(P9*10,0.75)) -> 19.020021 | AA9: =K9*2*PI()/60*sqrt(S9/V9)/(POW(9.81*O9*10,0.75)) -> 0.45737398 | AB9: =J9*2*PI()/60*sqrt(T9/W9)/(POW(9.81*P9*10,0.75)) -> 0.35932534
A10: RL10 | C10: Centaur/Delta Cryogenic Second Stage | D10: LOX | E10: Hydrogen | F10: Expander | G10: USA | H10: 1963 | I10: Second Stage | J10: 30250 | K10: 12100 | L10: Radial | O10: 55 | P10: 76 | Q10: 41 | R10: 99 | S10: 15 | T10: 3 | U10: =R10*1000/(S10+T10)/9.81 -> 560.6524 | V10: =VLOOKUP(D10,Fluids!$A$2:$B$10,2, FALSE) -> 1141 | W10: =VLOOKUP(E10,Fluids!$C$2:$D$10,2, FALSE) -> 71 | X10: =K10*sqrt(S10/V10)/(POW(O10*10,0.75)) -> 12.215638 | Y10: =J10*sqrt(T10/W10)/(POW(P10*10,0.75)) -> 42.958256 | AA10: =K10*2*PI()/60*sqrt(S10/V10)/(POW(9.81*O10*10,0.75)) -> 0.23077727 | AB10: =J10*2*PI()/60*sqrt(T10/W10)/(POW(9.81*P10*10,0.75)) -> 0.81156536
A11: HM7B | C11: Ariane Upper Stage | D11: LOX | E11: Hydrogen | F11: Gas Generator | G11: France | H11: 1979 | I11: Second Stage | J11: 35000 | K11: 35000 | L11: Radial | O11: 62 | P11: 62 | Q11: 35 | R11: 62 | S11: 11 | T11: 2 | U11: =R11*1000/(S11+T11)/9.81 -> 486.16012 | V11: =VLOOKUP(D11,Fluids!$A$2:$B$10,2, FALSE) -> 1141 | W11: =VLOOKUP(E11,Fluids!$C$2:$D$10,2, FALSE) -> 71 | X11: =K11*sqrt(S11/V11)/(POW(O11*10,0.75)) -> 27.658447 | Y11: =J11*sqrt(T11/W11)/(POW(P11*10,0.75)) -> 47.278109 | AA11: =K11*2*PI()/60*sqrt(S11/V11)/(POW(9.81*O11*10,0.75)) -> 0.5225221 | AB11: =J11*2*PI()/60*sqrt(T11/W11)/(POW(9.81*P11*10,0.75)) -> 0.89317583
A12: Vulcain | B12: ??? | C12: Blue Steel Missile | D12: HTP | E12: Kerosene | F12: Gas Generator | G12: USA | H12: 1965 | I12: First Stage | L12: Radial | O12: 141 | P12: 159 | Q12: 115 | R12: 250 | S12: 70 | T12: 28 | U12: =R12*1000/(S12+T12)/9.81 -> 260.04286 | V12: =VLOOKUP(D12,Fluids!$A$2:$B$10,2, FALSE) -> 1440 | W12: =VLOOKUP(E12,Fluids!$C$2:$D$10,2, FALSE) -> 810 | X12: =K12*sqrt(S12/V12)/(POW(O12*10,0.75)) -> 0 | Y12: =J12*sqrt(T12/W12)/(POW(P12*10,0.75)) -> 0 | AA12: =K12*2*PI()/60*sqrt(S12/V12)/(POW(9.81*O12*10,0.75)) -> 0 | AB12: =J12*2*PI()/60*sqrt(T12/W12)/(POW(9.81*P12*10,0.75)) -> 0
A13: YF-100 | C13: Long March 5/7 | D13: LOX | E13: RP-1 | F13: Staged Combustion | G13: China | H13: 2014 | I13: First Stage | J13: 16000 | K13: 16000 | L13: Radial | O13: 248 | P13: 248 | Q13: 134 | R13: 1340 | S13: 480 | T13: 180 | U13: =R13*1000/(S13+T13)/9.81 -> 206.96259 | V13: =VLOOKUP(D13,Fluids!$A$2:$B$10,2, FALSE) -> 1141 | W13: =VLOOKUP(E13,Fluids!$C$2:$D$10,2, FALSE) -> 820 | X13: =K13*sqrt(S13/V13)/(POW(O13*10,0.75)) -> 29.529699 | Y13: =J13*sqrt(T13/W13)/(POW(P13*10,0.75)) -> 21.330967 | AA13: =K13*2*PI()/60*sqrt(S13/V13)/(POW(9.81*O13*10,0.75)) -> 0.55787369 | AB13: =J13*2*PI()/60*sqrt(T13/W13)/(POW(9.81*P13*10,0.75)) -> 0.40298364
A14: Rutherford | C14: Electron | D14: LOX | E14: RP-1 | F14: Electric Pump | G14: New Zealand | H14: 2016 | I14: First Stage, Second Stage | J14: 40000 | K14: 40000 | L14: Radial | O14: 138 | P14: 138 | Q14: 100 | R14: 25 | S14: 10 | T14: 4 | U14: =R14*1000/(S14+T14)/9.81 -> 182.03 | V14: =VLOOKUP(D14,Fluids!$A$2:$B$10,2, FALSE) -> 1141 | W14: =VLOOKUP(E14,Fluids!$C$2:$D$10,2, FALSE) -> 820 | X14: =K14*sqrt(S14/V14)/(POW(O14*10,0.75)) -> 16.538947 | Y14: =J14*sqrt(T14/W14)/(POW(P14*10,0.75)) -> 12.338823 | AA14: =K14*2*PI()/60*sqrt(S14/V14)/(POW(9.81*O14*10,0.75)) -> 0.31245301 | AB14: =J14*2*PI()/60*sqrt(T14/W14)/(POW(9.81*P14*10,0.75)) -> 0.23310447
A15: MIT MEMS TPU | C15: dspace.mit.edu/handle/1721.1/8129 | D15: HTP | E15: JP-7 | F15: Expander | G15: USA | J15: 750000 | K15: 750000 | O15: 23 | P15: 23 | Q15: 23 | R15: 0.05 | S15: 0.0025 | T15: 0.0025 | U15: =R15*1000/(S15+T15)/9.81 -> 1019.368 | V15: =VLOOKUP(D15,Fluids!$A$2:$B$10,2, FALSE) -> 1440 | W15: =VLOOKUP(E15,Fluids!$C$2:$D$10,2, FALSE) -> 800 | X15: =K15*sqrt(S15/V15)/(POW(O15*10,0.75)) -> 16.732242 | Y15: =J15*sqrt(T15/W15)/(POW(P15*10,0.75)) -> 22.448659 | AA15: =K15*2*PI()/60*sqrt(S15/V15)/(POW(9.81*O15*10,0.75)) -> 0.31610474 | AB15: =J15*2*PI()/60*sqrt(T15/W15)/(POW(9.81*P15*10,0.75)) -> 0.42409901
A16: LUMEN DLR | C16: SP2022_IAC-22C413x73654.pdf https://europeanspaceflight.com/wp-content/uploads/2022/11/LUMEN.pdf?utm_campaign=Europe%20in%20Space&utm_medium=email&utm_source=Revue%20newsletter | D16: LOX | E16: Methane | F16: Expander | J16: 50000 | K16: 28000 | M16: 13.6 | N16: 13.1 | O16: 105 | P16: 112 | Q16: 60 | R16: 25 | S16: 5.946 | T16: 1.749 | U16: =R16*1000/(S16+T16)/9.81 -> 331.17868 | V16: =VLOOKUP(D16,Fluids!$A$2:$B$10,2, FALSE) -> 1141 | W16: =VLOOKUP(E16,Fluids!$C$2:$D$10,2, FALSE) -> 422 | X16: =K16*sqrt(S16/V16)/(POW(O16*10,0.75)) -> 10.958111 | Y16: =J16*sqrt(T16/W16)/(POW(P16*10,0.75)) -> 16.626283 | AA16: =K16*2*PI()/60*sqrt(S16/V16)/(POW(9.81*O16*10,0.75)) -> 0.20702012 | AB16: =J16*2*PI()/60*sqrt(T16/W16)/(POW(9.81*P16*10,0.75)) -> 0.31410296
A17: Lunar Lander ESA | C17: https://asmedigitalcollection.asme.org/GT/proceedings/GT2023/87110/V13DT35A023/1168624 | D17: Water | K17: 40000 | O17: 63 | S17: 0.8 | U17: =R17*1000/(S17+T17)/9.81 -> 0 | V17: =VLOOKUP(D17,Fluids!$A$2:$B$10,2, FALSE) -> 1000 | W17: =VLOOKUP(E17,Fluids!$C$2:$D$10,2, FALSE) -> #N/A | X17: =K17*sqrt(S17/V17)/(POW(O17*10,0.75)) -> 8.9970384 | Y17: =J17*sqrt(T17/W17)/(POW(P17*10,0.75)) -> #N/A | AA17: =K17*2*PI()/60*sqrt(S17/V17)/(POW(9.81*O17*10,0.75)) -> 0.16997163 | AB17: =J17*2*PI()/60*sqrt(T17/W17)/(POW(9.81*P17*10,0.75)) -> #N/A
A18: Tohoku University Micro Turbine | J18: 800000 | K18: 800000 | U18: =R18*1000/(S18+T18)/9.81 -> #DIV/0! | V18: =VLOOKUP(D18,Fluids!$A$2:$B$10,2, FALSE) -> #N/A | W18: =VLOOKUP(E18,Fluids!$C$2:$D$10,2, FALSE) -> #N/A | X18: =K18*sqrt(S18/V18)/(POW(O18*10,0.75)) -> #N/A | Y18: =J18*sqrt(T18/W18)/(POW(P18*10,0.75)) -> #N/A | AA18: =K18*2*PI()/60*sqrt(S18/V18)/(POW(9.81*O18*10,0.75)) -> #N/A | AB18: =J18*2*PI()/60*sqrt(T18/W18)/(POW(9.81*P18*10,0.75)) -> #N/A
A19: SAFFIRE | U19: =R19*1000/(S19+T19)/9.81 -> #DIV/0! | V19: =VLOOKUP(D19,Fluids!$A$2:$B$10,2, FALSE) -> #N/A | W19: =VLOOKUP(E19,Fluids!$C$2:$D$10,2, FALSE) -> #N/A | X19: =K19*sqrt(S19/V19)/(POW(O19*10,0.75)) -> #N/A | Y19: =J19*sqrt(T19/W19)/(POW(P19*10,0.75)) -> #N/A | AA19: =K19*2*PI()/60*sqrt(S19/V19)/(POW(9.81*O19*10,0.75)) -> #N/A | AB19: =J19*2*PI()/60*sqrt(T19/W19)/(POW(9.81*P19*10,0.75)) -> #N/A
A20: Delphin | U20: =R20*1000/(S20+T20)/9.81 -> #DIV/0! | V20: =VLOOKUP(D20,Fluids!$A$2:$B$10,2, FALSE) -> #N/A | W20: =VLOOKUP(E20,Fluids!$C$2:$D$10,2, FALSE) -> #N/A | X20: =K20*sqrt(S20/V20)/(POW(O20*10,0.75)) -> #N/A | Y20: =J20*sqrt(T20/W20)/(POW(P20*10,0.75)) -> #N/A | AA20: =K20*2*PI()/60*sqrt(S20/V20)/(POW(9.81*O20*10,0.75)) -> #N/A | AB20: =J20*2*PI()/60*sqrt(T20/W20)/(POW(9.81*P20*10,0.75)) -> #N/A
A21: Beta 1 | U21: =R21*1000/(S21+T21)/9.81 -> #DIV/0! | V21: =VLOOKUP(D21,Fluids!$A$2:$B$10,2, FALSE) -> #N/A | W21: =VLOOKUP(E21,Fluids!$C$2:$D$10,2, FALSE) -> #N/A | X21: =K21*sqrt(S21/V21)/(POW(O21*10,0.75)) -> #N/A | Y21: =J21*sqrt(T21/W21)/(POW(P21*10,0.75)) -> #N/A | AA21: =K21*2*PI()/60*sqrt(S21/V21)/(POW(9.81*O21*10,0.75)) -> #N/A | AB21: =J21*2*PI()/60*sqrt(T21/W21)/(POW(9.81*P21*10,0.75)) -> #N/A
A22: IHI 1 Ton | U22: =R22*1000/(S22+T22)/9.81 -> #DIV/0! | V22: =VLOOKUP(D22,Fluids!$A$2:$B$10,2, FALSE) -> #N/A | W22: =VLOOKUP(E22,Fluids!$C$2:$D$10,2, FALSE) -> #N/A | X22: =K22*sqrt(S22/V22)/(POW(O22*10,0.75)) -> #N/A | Y22: =J22*sqrt(T22/W22)/(POW(P22*10,0.75)) -> #N/A | AA22: =K22*2*PI()/60*sqrt(S22/V22)/(POW(9.81*O22*10,0.75)) -> #N/A | AB22: =J22*2*PI()/60*sqrt(T22/W22)/(POW(9.81*P22*10,0.75)) -> #N/A
A23: OT-2 | E23: RP-1 | J23: 40000 | P23: 40 | R23: 25 | T23: 2.5 | U23: =R23*1000/(S23+T23)/9.81 -> 1019.368 | V23: =VLOOKUP(D23,Fluids!$A$2:$B$10,2, FALSE) -> #N/A | W23: =VLOOKUP(E23,Fluids!$C$2:$D$10,2, FALSE) -> 820 | X23: =K23*sqrt(S23/V23)/(POW(O23*10,0.75)) -> #N/A | Y23: =J23*sqrt(T23/W23)/(POW(P23*10,0.75)) -> 24.69324 | AA23: =K23*2*PI()/60*sqrt(S23/V23)/(POW(9.81*O23*10,0.75)) -> #N/A | AB23: =J23*2*PI()/60*sqrt(T23/W23)/(POW(9.81*P23*10,0.75)) -> 0.46650353

Sheet Fluids
A1: Oxidizer | B1: Ox Density | C1: Fuel | D1: Fuel Density
A2: LOX | B2: 1141 | C2: RP-1 | D2: 820
A3: HTP | B3: 1440 | C3: Hydrogen | D3: 71
A4: Water | B4: 1000 | C4: Methane | D4: 422
A5: N2O | B5: 800 | C5: Kerosene | D5: 810
C6: JP-7 | D6: 800
